{"initial_reset_timestamp": 1594747732.3179882, "timestamps": [1594747756.982644], "episode_lengths": [296], "episode_rewards": [296.0], "episode_types": ["t"]}